Image,label
BikesHelmets0,1
BikesHelmets1,1
BikesHelmets2,1
BikesHelmets3,1
BikesHelmets4,1
BikesHelmets5,0
BikesHelmets6,1
BikesHelmets7,1
BikesHelmets8,1
BikesHelmets9,0
BikesHelmets10,0
BikesHelmets11,1
BikesHelmets12,1
BikesHelmets13,1
BikesHelmets14,1
BikesHelmets15,1
BikesHelmets16,1
BikesHelmets17,1
BikesHelmets18,1
BikesHelmets19,1
BikesHelmets20,1
BikesHelmets21,1
BikesHelmets22,1
BikesHelmets23,1
BikesHelmets24,1
BikesHelmets25,1
BikesHelmets26,1
BikesHelmets27,1
BikesHelmets28,1
BikesHelmets29,1
BikesHelmets30,1
BikesHelmets31,0
BikesHelmets32,1
BikesHelmets33,1
BikesHelmets34,1
BikesHelmets35,1
BikesHelmets36,1
BikesHelmets37,1
BikesHelmets38,1
BikesHelmets39,0
BikesHelmets40,1
BikesHelmets41,1
BikesHelmets42,1
BikesHelmets43,1
BikesHelmets44,1
BikesHelmets45,0
BikesHelmets46,1
BikesHelmets47,0
BikesHelmets48,1
BikesHelmets49,1
BikesHelmets50,1
BikesHelmets51,1
BikesHelmets52,0
BikesHelmets53,1
BikesHelmets55,0
BikesHelmets56,1
BikesHelmets57,0
BikesHelmets58,1
BikesHelmets59,1
BikesHelmets60,1
BikesHelmets61,1
BikesHelmets62,0
BikesHelmets63,0
BikesHelmets64,1
BikesHelmets65,1
BikesHelmets66,0
BikesHelmets67,1
BikesHelmets68,1
BikesHelmets69,1
BikesHelmets70,0
BikesHelmets71,1
BikesHelmets72,1
BikesHelmets73,1
BikesHelmets74,1
BikesHelmets75,1
BikesHelmets76,1
BikesHelmets77,0
BikesHelmets78,0
BikesHelmets79,1
BikesHelmets80,0
BikesHelmets81,1
BikesHelmets82,1
BikesHelmets83,1
BikesHelmets84,1
BikesHelmets85,1
BikesHelmets86,1
BikesHelmets87,0
BikesHelmets88,1
BikesHelmets89,1
BikesHelmets90,1
BikesHelmets91,1
BikesHelmets92,1
BikesHelmets93,0
BikesHelmets94,1
BikesHelmets95,1
BikesHelmets96,1
BikesHelmets97,1
BikesHelmets98,0
BikesHelmets99,1
BikesHelmets100,1
BikesHelmets101,1
BikesHelmets102,1
BikesHelmets103,0
BikesHelmets104,1
BikesHelmets105,1
BikesHelmets106,1
BikesHelmets107,1
BikesHelmets108,1
BikesHelmets109,1
BikesHelmets110,1
BikesHelmets111,0
BikesHelmets112,0
BikesHelmets113,1
BikesHelmets114,1
BikesHelmets115,1
BikesHelmets116,1
BikesHelmets117,1
BikesHelmets118,0
BikesHelmets119,0
BikesHelmets120,1
BikesHelmets121,1
BikesHelmets122,1
BikesHelmets123,0
BikesHelmets124,1
BikesHelmets125,1
BikesHelmets126,1
BikesHelmets127,1
BikesHelmets128,0
BikesHelmets129,1
BikesHelmets130,0
BikesHelmets131,1
BikesHelmets132,1
BikesHelmets133,0
BikesHelmets134,1
BikesHelmets135,1
BikesHelmets136,1
BikesHelmets137,1
BikesHelmets138,1
BikesHelmets139,1
BikesHelmets140,0
BikesHelmets141,1
BikesHelmets142,1
BikesHelmets143,0
BikesHelmets144,0
BikesHelmets145,1
BikesHelmets146,1
BikesHelmets147,1
BikesHelmets148,1
BikesHelmets149,1
BikesHelmets150,1
BikesHelmets151,1
BikesHelmets152,1
BikesHelmets153,1
BikesHelmets154,0
BikesHelmets155,1
BikesHelmets156,0
BikesHelmets157,1
BikesHelmets158,1
BikesHelmets159,1
BikesHelmets160,1
BikesHelmets161,1
BikesHelmets162,1
BikesHelmets163,1
BikesHelmets164,1
BikesHelmets165,1
BikesHelmets166,1
BikesHelmets167,1
BikesHelmets168,0
BikesHelmets169,1
BikesHelmets170,0
BikesHelmets171,1
BikesHelmets172,0
BikesHelmets173,1
BikesHelmets174,1
BikesHelmets175,0
BikesHelmets176,0
BikesHelmets177,1
BikesHelmets178,1
BikesHelmets179,1
BikesHelmets180,0
BikesHelmets181,1
BikesHelmets182,1
BikesHelmets183,1
BikesHelmets184,1
BikesHelmets185,1
BikesHelmets186,1
BikesHelmets187,1
BikesHelmets188,1
BikesHelmets189,1
BikesHelmets190,0
BikesHelmets191,1
BikesHelmets192,0
BikesHelmets193,1
BikesHelmets194,1
BikesHelmets195,1
BikesHelmets196,0
BikesHelmets197,0
BikesHelmets198,0
BikesHelmets199,1
BikesHelmets200,0
BikesHelmets201,0
BikesHelmets202,1
BikesHelmets203,1
BikesHelmets204,0
BikesHelmets205,1
BikesHelmets206,1
BikesHelmets207,1
BikesHelmets208,1
BikesHelmets209,1
BikesHelmets210,1
BikesHelmets211,1
BikesHelmets212,0
BikesHelmets213,1
BikesHelmets214,1
BikesHelmets215,1
BikesHelmets216,0
BikesHelmets217,0
BikesHelmets218,1
BikesHelmets219,1
BikesHelmets220,0
BikesHelmets221,1
BikesHelmets222,0
BikesHelmets223,0
BikesHelmets224,1
BikesHelmets225,1
BikesHelmets226,1
BikesHelmets227,1
BikesHelmets228,1
BikesHelmets229,1
BikesHelmets230,0
BikesHelmets231,1
BikesHelmets232,0
BikesHelmets233,1
BikesHelmets234,1
BikesHelmets235,1
BikesHelmets236,1
BikesHelmets237,1
BikesHelmets238,0
BikesHelmets239,1
BikesHelmets240,1
BikesHelmets241,1
BikesHelmets242,1
BikesHelmets243,1
BikesHelmets244,1
BikesHelmets245,1
BikesHelmets246,1
BikesHelmets247,1
BikesHelmets248,0
BikesHelmets249,1
BikesHelmets250,1
BikesHelmets251,0
BikesHelmets252,1
BikesHelmets253,0
BikesHelmets254,1
BikesHelmets255,1
BikesHelmets256,0
BikesHelmets257,1
BikesHelmets258,1
BikesHelmets259,1
BikesHelmets260,0
BikesHelmets261,1
BikesHelmets262,1
BikesHelmets263,1
BikesHelmets264,1
BikesHelmets265,1
BikesHelmets266,0
BikesHelmets267,1
BikesHelmets268,1
BikesHelmets269,1
BikesHelmets270,1
BikesHelmets271,1
BikesHelmets272,1
BikesHelmets273,1
BikesHelmets274,1
BikesHelmets275,0
BikesHelmets276,1
BikesHelmets277,1
BikesHelmets278,1
BikesHelmets279,1
BikesHelmets280,1
BikesHelmets281,1
BikesHelmets282,1
BikesHelmets283,0
BikesHelmets284,1
BikesHelmets285,1
BikesHelmets286,1
BikesHelmets287,1
BikesHelmets288,1
BikesHelmets289,0
BikesHelmets290,1
BikesHelmets291,0
BikesHelmets292,1
BikesHelmets293,0
BikesHelmets294,1
BikesHelmets295,1
BikesHelmets296,0
BikesHelmets297,0
BikesHelmets298,0
BikesHelmets299,1
BikesHelmets300,1
BikesHelmets301,1
BikesHelmets302,1
BikesHelmets303,1
BikesHelmets304,0
BikesHelmets305,0
BikesHelmets306,0
BikesHelmets307,1
BikesHelmets308,1
BikesHelmets309,1
BikesHelmets310,1
BikesHelmets311,1
BikesHelmets312,1
BikesHelmets313,1
BikesHelmets314,0
BikesHelmets315,0
BikesHelmets316,1
BikesHelmets317,1
BikesHelmets318,0
BikesHelmets319,1
BikesHelmets320,1
BikesHelmets321,1
BikesHelmets322,0
BikesHelmets323,1
BikesHelmets324,0
BikesHelmets325,0
BikesHelmets326,1
BikesHelmets327,1
BikesHelmets328,0
BikesHelmets329,1
BikesHelmets330,1
BikesHelmets331,0
BikesHelmets332,1
BikesHelmets333,1
BikesHelmets334,1
BikesHelmets335,0
BikesHelmets336,1
BikesHelmets337,1
BikesHelmets338,1
BikesHelmets339,1
BikesHelmets340,1
BikesHelmets341,0
BikesHelmets342,1
BikesHelmets343,1
BikesHelmets344,0
BikesHelmets345,1
BikesHelmets346,1
BikesHelmets347,1
BikesHelmets348,1
BikesHelmets349,1
BikesHelmets350,1
BikesHelmets351,1
BikesHelmets352,1
BikesHelmets353,0
BikesHelmets354,1
BikesHelmets355,1
BikesHelmets356,1
BikesHelmets357,0
BikesHelmets358,0
BikesHelmets359,0
BikesHelmets360,1
BikesHelmets361,1
BikesHelmets362,1
BikesHelmets363,1
BikesHelmets364,1
BikesHelmets365,0
BikesHelmets366,0
BikesHelmets367,1
BikesHelmets368,1
BikesHelmets369,0
BikesHelmets370,1
BikesHelmets371,0
BikesHelmets372,0
BikesHelmets373,1
BikesHelmets374,1
BikesHelmets375,0
BikesHelmets376,0
BikesHelmets377,1
BikesHelmets378,1
BikesHelmets379,0
BikesHelmets380,1
BikesHelmets381,1
BikesHelmets382,1
BikesHelmets383,0
BikesHelmets384,0
BikesHelmets385,0
BikesHelmets386,1
BikesHelmets387,0
BikesHelmets388,1
BikesHelmets389,1
BikesHelmets390,1
BikesHelmets391,0
BikesHelmets392,1
BikesHelmets393,0
BikesHelmets394,0
BikesHelmets395,1
BikesHelmets396,1
BikesHelmets397,1
BikesHelmets398,1
BikesHelmets399,0
BikesHelmets400,1
BikesHelmets401,1
BikesHelmets402,0
BikesHelmets403,0
BikesHelmets404,0
BikesHelmets405,1
BikesHelmets406,0
BikesHelmets407,1
BikesHelmets408,0
BikesHelmets409,1
BikesHelmets410,1
BikesHelmets411,1
BikesHelmets412,0
BikesHelmets413,1
BikesHelmets414,1
BikesHelmets415,1
BikesHelmets416,1
BikesHelmets417,0
BikesHelmets418,1
BikesHelmets419,1
BikesHelmets420,0
BikesHelmets421,1
BikesHelmets422,0
BikesHelmets423,0
BikesHelmets424,0
BikesHelmets425,1
BikesHelmets426,1
BikesHelmets427,1
BikesHelmets428,1
BikesHelmets429,0
BikesHelmets430,0
BikesHelmets431,0
BikesHelmets432,1
BikesHelmets433,1
BikesHelmets434,1
BikesHelmets435,1
BikesHelmets436,0
BikesHelmets437,1
BikesHelmets438,0
BikesHelmets439,1
BikesHelmets440,0
BikesHelmets441,0
BikesHelmets442,1
BikesHelmets443,1
BikesHelmets444,0
BikesHelmets445,1
BikesHelmets446,1
BikesHelmets447,0
BikesHelmets448,0
BikesHelmets449,0
BikesHelmets450,1
BikesHelmets451,1
BikesHelmets452,0
BikesHelmets453,1
BikesHelmets454,1
BikesHelmets455,1
BikesHelmets456,1
BikesHelmets457,1
BikesHelmets458,1
BikesHelmets459,1
BikesHelmets460,1
BikesHelmets461,1
BikesHelmets462,1
BikesHelmets463,1
BikesHelmets464,1
BikesHelmets465,1
BikesHelmets466,0
BikesHelmets467,1
BikesHelmets468,1
BikesHelmets469,1
BikesHelmets470,1
BikesHelmets471,0
BikesHelmets472,1
BikesHelmets473,1
BikesHelmets474,1
BikesHelmets475,1
BikesHelmets476,1
BikesHelmets477,0
BikesHelmets478,1
BikesHelmets479,0
BikesHelmets480,0
BikesHelmets481,1
BikesHelmets482,1
BikesHelmets483,0
BikesHelmets484,1
BikesHelmets485,0
BikesHelmets486,1
BikesHelmets487,0
BikesHelmets488,1
BikesHelmets489,1
BikesHelmets490,1
BikesHelmets491,0
BikesHelmets492,1
BikesHelmets493,0
BikesHelmets494,0
BikesHelmets495,1
BikesHelmets496,0
BikesHelmets497,1
BikesHelmets498,1
BikesHelmets499,1
BikesHelmets500,1
BikesHelmets501,1
BikesHelmets502,1
BikesHelmets503,1
BikesHelmets504,0
BikesHelmets505,0
BikesHelmets506,1
BikesHelmets507,0
BikesHelmets508,1
BikesHelmets509,1
BikesHelmets510,1
BikesHelmets511,1
BikesHelmets512,1
BikesHelmets513,0
BikesHelmets514,0
BikesHelmets515,1
BikesHelmets516,0
BikesHelmets517,1
BikesHelmets518,1
BikesHelmets519,1
BikesHelmets520,1
BikesHelmets521,1
BikesHelmets522,1
BikesHelmets523,0
BikesHelmets524,0
BikesHelmets525,0
BikesHelmets526,0
BikesHelmets527,1
BikesHelmets528,0
BikesHelmets529,1
BikesHelmets530,1
BikesHelmets531,0
BikesHelmets532,1
BikesHelmets533,1
BikesHelmets534,1
BikesHelmets535,1
BikesHelmets536,1
BikesHelmets537,1
BikesHelmets538,1
BikesHelmets539,1
BikesHelmets540,0
BikesHelmets541,1
BikesHelmets542,1
BikesHelmets543,1
BikesHelmets544,1
BikesHelmets545,1
BikesHelmets546,0
BikesHelmets547,1
BikesHelmets548,1
BikesHelmets549,1
BikesHelmets550,0
BikesHelmets551,1
BikesHelmets552,1
BikesHelmets553,0
BikesHelmets554,0
BikesHelmets555,1
BikesHelmets556,0
BikesHelmets557,0
BikesHelmets558,1
BikesHelmets559,0
BikesHelmets560,1
BikesHelmets561,0
BikesHelmets562,0
BikesHelmets563,0
BikesHelmets564,1
BikesHelmets565,1
BikesHelmets566,0
BikesHelmets567,1
BikesHelmets568,1
BikesHelmets569,0
BikesHelmets570,1
BikesHelmets571,1
BikesHelmets572,0
BikesHelmets573,1
BikesHelmets574,1
BikesHelmets575,1
BikesHelmets576,1
BikesHelmets577,0
BikesHelmets578,0
BikesHelmets579,0
BikesHelmets580,1
BikesHelmets581,1
BikesHelmets582,1
BikesHelmets583,0
BikesHelmets584,1
BikesHelmets585,0
BikesHelmets586,1
BikesHelmets587,0
BikesHelmets588,0
BikesHelmets589,1
BikesHelmets590,1
BikesHelmets591,1
BikesHelmets592,1
BikesHelmets593,0
BikesHelmets594,0
BikesHelmets595,1
BikesHelmets596,1
BikesHelmets597,1
BikesHelmets598,1
BikesHelmets599,1
BikesHelmets600,1
BikesHelmets601,0
BikesHelmets602,1
BikesHelmets603,0
BikesHelmets604,0
BikesHelmets605,0
BikesHelmets606,1
BikesHelmets607,1
BikesHelmets608,1
BikesHelmets609,0
BikesHelmets610,1
BikesHelmets611,1
BikesHelmets612,1
BikesHelmets613,1
BikesHelmets614,0
BikesHelmets615,1
BikesHelmets616,1
BikesHelmets617,1
BikesHelmets618,1
BikesHelmets619,1
BikesHelmets620,1
BikesHelmets621,1
BikesHelmets622,0
BikesHelmets623,1
BikesHelmets624,1
BikesHelmets625,1
BikesHelmets626,1
BikesHelmets627,1
BikesHelmets628,1
BikesHelmets629,1
BikesHelmets630,0
BikesHelmets631,0
BikesHelmets632,1
BikesHelmets633,0
BikesHelmets634,0
BikesHelmets635,0
BikesHelmets636,1
BikesHelmets637,0
BikesHelmets638,0
BikesHelmets639,1
BikesHelmets640,0
BikesHelmets641,0
BikesHelmets642,1
BikesHelmets643,0
BikesHelmets644,1
BikesHelmets645,1
BikesHelmets646,1
BikesHelmets647,0
BikesHelmets648,1
BikesHelmets649,1
BikesHelmets650,1
BikesHelmets651,1
BikesHelmets652,1
BikesHelmets653,1
BikesHelmets654,1
BikesHelmets655,1
BikesHelmets656,0
BikesHelmets657,0
BikesHelmets658,1
BikesHelmets659,1
BikesHelmets660,1
BikesHelmets661,1
BikesHelmets662,0
BikesHelmets663,1
BikesHelmets664,0
BikesHelmets665,0
BikesHelmets666,0
BikesHelmets667,1
BikesHelmets668,0
BikesHelmets669,1
BikesHelmets670,0
BikesHelmets671,0
BikesHelmets672,0
BikesHelmets673,1
BikesHelmets674,1
BikesHelmets675,1
BikesHelmets676,0
BikesHelmets677,1
BikesHelmets678,0
BikesHelmets679,0
BikesHelmets680,1
BikesHelmets681,0
BikesHelmets682,1
BikesHelmets683,0
BikesHelmets684,0
BikesHelmets685,1
BikesHelmets686,1
BikesHelmets687,1
BikesHelmets688,1
BikesHelmets689,0
BikesHelmets690,0
BikesHelmets691,1
BikesHelmets692,1
BikesHelmets693,1
BikesHelmets694,0
BikesHelmets695,1
BikesHelmets696,1
BikesHelmets697,1
BikesHelmets698,1
BikesHelmets699,1
BikesHelmets700,0
BikesHelmets701,1
BikesHelmets702,0
BikesHelmets703,1
BikesHelmets704,1
BikesHelmets705,1
BikesHelmets706,0
BikesHelmets707,0
BikesHelmets708,0
BikesHelmets709,0
BikesHelmets710,0
BikesHelmets711,1
BikesHelmets712,1
BikesHelmets713,1
BikesHelmets714,1
BikesHelmets715,1
BikesHelmets716,0
BikesHelmets717,1
BikesHelmets718,1
BikesHelmets719,1
BikesHelmets720,1
BikesHelmets721,1
BikesHelmets722,1
BikesHelmets723,0
BikesHelmets724,1
BikesHelmets725,0
BikesHelmets726,1
BikesHelmets727,1
BikesHelmets728,1
BikesHelmets729,1
BikesHelmets730,0
BikesHelmets731,1
BikesHelmets732,1
BikesHelmets733,0
BikesHelmets734,0
BikesHelmets735,1
BikesHelmets736,0
BikesHelmets737,1
BikesHelmets738,1
BikesHelmets739,0
BikesHelmets740,0
BikesHelmets741,1
BikesHelmets742,1
BikesHelmets743,0
BikesHelmets744,0
BikesHelmets745,1
BikesHelmets746,1
BikesHelmets747,1
BikesHelmets748,1
BikesHelmets749,1
BikesHelmets750,1